class,fine_id,filename,is_test,b_pred,b_pred_name,b_prob,b_is_tp,p_pred,p_pred_name,p_prob,p_is_tp,both_tp,b_iou_0.5,p_iou_0.5,delta_0.5,ious,mask_area_pct
LowGradePapillary,0,a7085d36.png,True,0,LowGradePapillary,0.8681818842887878,True,0,LowGradePapillary,0.7203418016433716,True,True,0.08267136543516566,0.12770829663554695,0.04503693120038128,"{'b_iou_0.3': 0.08939190069013413, 'p_iou_0.3': 0.1823947722467807, 'b_iou_0.4': 0.08952698619872863, 'p_iou_0.4': 0.1417354812508461, 'b_iou_0.5': 0.08267136543516566, 'p_iou_0.5': 0.12770829663554695, 'b_iou_0.6': 0.08408921933085502, 'p_iou_0.6': 0.09641210663459611}",8.209104537963867
LowGradePapillary,0,293d0e95.png,True,0,LowGradePapillary,0.9952811598777771,True,0,LowGradePapillary,0.9999992847442627,True,True,0.04363806468858594,0.046785449725135486,0.0031473850365495437,"{'b_iou_0.3': 0.03805220286580653, 'p_iou_0.3': 0.029829876485667678, 'b_iou_0.4': 0.04977225672877847, 'p_iou_0.4': 0.03602715416467142, 'b_iou_0.5': 0.04363806468858594, 'p_iou_0.5': 0.046785449725135486, 'b_iou_0.6': 0.0, 'p_iou_0.6': 0.08277189605389798}",2.551020383834839
LowGradePapillary,0,6bd398d9.png,True,1,HighGradePapillary,0.32618191838264465,False,1,HighGradePapillary,0.012060650624334812,False,False,0.002005515166708448,0.0,-0.002005515166708448,"{'b_iou_0.3': 0.04574132492113565, 'p_iou_0.3': 0.04779126840609661, 'b_iou_0.4': 0.027500600075438055, 'p_iou_0.4': 0.006954707467617143, 'b_iou_0.5': 0.002005515166708448, 'p_iou_0.5': 0.0, 'b_iou_0.6': 0.0, 'p_iou_0.6': 0.0}",10.13233470916748
LowGradePapillary,0,14629c28.png,True,0,LowGradePapillary,0.7055519819259644,True,1,HighGradePapillary,0.4995993375778198,False,False,0.01916697382970881,0.0,-0.01916697382970881,"{'b_iou_0.3': 0.0646883480891578, 'p_iou_0.3': 0.0, 'b_iou_0.4': 0.04957185597854122, 'p_iou_0.4': 0.0, 'b_iou_0.5': 0.01916697382970881, 'p_iou_0.5': 0.0, 'b_iou_0.6': 0.0, 'p_iou_0.6': 0.0}",7.017298698425293
LowGradePapillary,0,e228e29a.png,True,2,CIS,0.2993164360523224,False,0,LowGradePapillary,0.8936179280281067,True,False,0.0,0.13774070894149393,0.13774070894149393,"{'b_iou_0.3': 0.027098880597014926, 'p_iou_0.3': 0.10633867276887872, 'b_iou_0.4': 0.014993764681998782, 'p_iou_0.4': 0.113215859030837, 'b_iou_0.5': 0.0, 'p_iou_0.5': 0.13774070894149393, 'b_iou_0.6': 0.0, 'p_iou_0.6': 0.12750611246943766}",10.528938293457031
LowGradePapillary,0,464ae121.png,True,0,LowGradePapillary,0.9974673986434937,True,0,LowGradePapillary,1.0,True,True,0.034217577706323686,0.0,-0.034217577706323686,"{'b_iou_0.3': 0.06702223061311181, 'p_iou_0.3': 0.0, 'b_iou_0.4': 0.0697874431748372, 'p_iou_0.4': 0.0, 'b_iou_0.5': 0.034217577706323686, 'p_iou_0.5': 0.0, 'b_iou_0.6': 0.005958291956305859, 'p_iou_0.6': 0.0}",5.66007661819458
LowGradePapillary,0,3c24bcaa.png,True,0,LowGradePapillary,0.9961064457893372,True,0,LowGradePapillary,1.0,True,True,0.03245074210063609,0.04009456566882847,0.007643823568192383,"{'b_iou_0.3': 0.029794406723327477, 'p_iou_0.3': 0.029844002663369163, 'b_iou_0.4': 0.030999901195534037, 'p_iou_0.4': 0.03263215372214566, 'b_iou_0.5': 0.03245074210063609, 'p_iou_0.5': 0.04009456566882847, 'b_iou_0.6': 0.035567521609749186, 'p_iou_0.6': 0.05875468164794007}",2.5011959075927734
LowGradePapillary,0,006a2b09.png,True,1,HighGradePapillary,0.3892192840576172,False,1,HighGradePapillary,4.3407200678302615e-07,False,False,0.0,0.0,0.0,"{'b_iou_0.3': 0.003818810644634451, 'p_iou_0.3': 0.0, 'b_iou_0.4': 0.0, 'p_iou_0.4': 0.0, 'b_iou_0.5': 0.0, 'p_iou_0.5': 0.0, 'b_iou_0.6': 0.0, 'p_iou_0.6': 0.0}",11.945950508117676
LowGradePapillary,0,ccb4e52c.png,True,0,LowGradePapillary,0.9767743945121765,True,0,LowGradePapillary,0.9999986886978149,True,True,0.0009269451364347373,0.09252120277563608,0.09159425763920134,"{'b_iou_0.3': 0.029319144315343687, 'p_iou_0.3': 0.043174095542674394, 'b_iou_0.4': 0.035537669247297156, 'p_iou_0.4': 0.06984866123399301, 'b_iou_0.5': 0.0009269451364347373, 'p_iou_0.5': 0.09252120277563608, 'b_iou_0.6': 0.0, 'p_iou_0.6': 0.13555918162419983}",2.152423620223999
LowGradePapillary,0,5efdd0ec.png,True,0,LowGradePapillary,0.7260628938674927,True,0,LowGradePapillary,0.9790473580360413,True,True,0.011244688568763603,0.37775835700240334,0.36651366843363975,"{'b_iou_0.3': 0.03258052573121066, 'p_iou_0.3': 0.21977882293123172, 'b_iou_0.4': 0.01852688657930411, 'p_iou_0.4': 0.2762201453790239, 'b_iou_0.5': 0.011244688568763603, 'p_iou_0.5': 0.37775835700240334, 'b_iou_0.6': 0.0037914061460689106, 'p_iou_0.6': 0.3633879781420765}",6.891740798950195
LowGradePapillary,0,823bc07e.png,True,0,LowGradePapillary,0.979150116443634,True,0,LowGradePapillary,0.9999997615814209,True,True,0.0,0.026682555308015127,0.026682555308015127,"{'b_iou_0.3': 0.0066907197661673365, 'p_iou_0.3': 0.03961815064110767, 'b_iou_0.4': 0.0001825626581123021, 'p_iou_0.4': 0.04487369008902467, 'b_iou_0.5': 0.0, 'p_iou_0.5': 0.026682555308015127, 'b_iou_0.6': 0.0, 'p_iou_0.6': 0.018203012912482067}",3.0851402282714844
LowGradePapillary,0,8cc1ecf3.png,True,0,LowGradePapillary,0.9979082345962524,True,0,LowGradePapillary,1.0,True,True,0.01298833596495696,0.0,-0.01298833596495696,"{'b_iou_0.3': 0.06693651354214773, 'p_iou_0.3': 0.013739802490339202, 'b_iou_0.4': 0.051323368074602305, 'p_iou_0.4': 0.0, 'b_iou_0.5': 0.01298833596495696, 'p_iou_0.5': 0.0, 'b_iou_0.6': 0.0, 'p_iou_0.6': 0.0}",5.18773889541626
LowGradePapillary,0,1504f5d7.png,True,0,LowGradePapillary,0.9293604493141174,True,1,HighGradePapillary,0.08574448525905609,False,False,0.1320265925902806,0.12113650998068255,-0.010890082609598048,"{'b_iou_0.3': 0.25051610735032886, 'p_iou_0.3': 0.22589052997393572, 'b_iou_0.4': 0.19584577789845234, 'p_iou_0.4': 0.1567314132618888, 'b_iou_0.5': 0.1320265925902806, 'p_iou_0.5': 0.12113650998068255, 'b_iou_0.6': 0.09800081297808655, 'p_iou_0.6': 0.08546306187854384}",23.17841148376465
LowGradePapillary,0,e5dc7ef1.png,True,0,LowGradePapillary,0.6991100311279297,True,1,HighGradePapillary,6.825159175605222e-07,False,False,0.03171423287924552,0.003592014033915295,-0.028122218845330223,"{'b_iou_0.3': 0.04535977389612195, 'p_iou_0.3': 0.016482240965720034, 'b_iou_0.4': 0.036710833982852686, 'p_iou_0.4': 0.009169146625914905, 'b_iou_0.5': 0.03171423287924552, 'p_iou_0.5': 0.003592014033915295, 'b_iou_0.6': 0.02853194602503658, 'p_iou_0.6': 0.0}",19.525272369384766
LowGradePapillary,0,a6e2d53d.png,True,0,LowGradePapillary,0.96006840467453,True,0,LowGradePapillary,0.9997312426567078,True,True,0.18096572537184738,0.05526052489802201,-0.12570520047382538,"{'b_iou_0.3': 0.21924212598425197, 'p_iou_0.3': 0.2519032082653616, 'b_iou_0.4': 0.20971128608923884, 'p_iou_0.4': 0.09687407844293719, 'b_iou_0.5': 0.18096572537184738, 'p_iou_0.5': 0.05526052489802201, 'b_iou_0.6': 0.1458428194153538, 'p_iou_0.6': 0.03227883763986155}",19.57908058166504
AirBubble,18,cafb75db.png,True,0,LowGradePapillary,0.1878099888563156,False,18,AirBubble,0.9998559951782227,True,False,0.0,0.027591722483255022,0.027591722483255022,"{'b_iou_0.3': 9.78760888714887e-05, 'p_iou_0.3': 0.017122119172430908, 'b_iou_0.4': 0.0, 'p_iou_0.4': 0.02142025611175786, 'b_iou_0.5': 0.0, 'p_iou_0.5': 0.027591722483255022, 'b_iou_0.6': 0.0, 'p_iou_0.6': 0.03694215990292571}",1.1001275777816772
AirBubble,18,75f45c7f.png,True,18,AirBubble,0.6099769473075867,True,18,AirBubble,0.9999988079071045,True,True,0.0,0.0,0.0,"{'b_iou_0.3': 0.0, 'p_iou_0.3': 0.0, 'b_iou_0.4': 0.0, 'p_iou_0.4': 0.0, 'b_iou_0.5': 0.0, 'p_iou_0.5': 0.0, 'b_iou_0.6': 0.0, 'p_iou_0.6': 0.0}",1.2356505393981934
AirBubble,18,129b078a.png,True,12,UreteralOrifice,0.012945810332894325,False,18,AirBubble,0.999862790107727,True,False,0.0,0.05357318391821488,0.05357318391821488,"{'b_iou_0.3': 0.0, 'p_iou_0.3': 0.0361951133663802, 'b_iou_0.4': 0.0, 'p_iou_0.4': 0.044537101951957495, 'b_iou_0.5': 0.0, 'p_iou_0.5': 0.05357318391821488, 'b_iou_0.6': 0.0, 'p_iou_0.6': 0.06920639493014547}",2.459343194961548
AirBubble,18,b1a24f7e.png,True,18,AirBubble,0.6277515888214111,True,18,AirBubble,0.9999713897705078,True,True,0.0,0.12395557367026697,0.12395557367026697,"{'b_iou_0.3': 0.0, 'p_iou_0.3': 0.08130059142569022, 'b_iou_0.4': 0.0, 'p_iou_0.4': 0.09752195520457485, 'b_iou_0.5': 0.0, 'p_iou_0.5': 0.12395557367026697, 'b_iou_0.6': 0.0, 'p_iou_0.6': 0.13920246893527166}",5.949059009552002
AirBubble,18,a4e6cfd2.png,True,2,CIS,0.13613717257976532,False,18,AirBubble,0.9983609318733215,True,False,0.42288429433671504,0.18492520695163867,-0.23795908738507637,"{'b_iou_0.3': 0.4089126559714795, 'p_iou_0.3': 0.31252768111357165, 'b_iou_0.4': 0.43059014618299946, 'p_iou_0.4': 0.24186666666666667, 'b_iou_0.5': 0.42288429433671504, 'p_iou_0.5': 0.18492520695163867, 'b_iou_0.6': 0.40884889388826395, 'p_iou_0.6': 0.08332835553431694}",21.2890625
AirBubble,18,06fe21ad.png,True,1,HighGradePapillary,0.35107141733169556,False,18,AirBubble,0.9999994039535522,True,False,0.02619712261112304,0.08339166401527204,0.057194541404148994,"{'b_iou_0.3': 0.20034488164289074, 'p_iou_0.3': 0.06153593313455263, 'b_iou_0.4': 0.12162661737523105, 'p_iou_0.4': 0.06776987718164189, 'b_iou_0.5': 0.02619712261112304, 'p_iou_0.5': 0.08339166401527204, 'b_iou_0.6': 0.0, 'p_iou_0.6': 0.11572765807135288}",5.2236127853393555
AirBubble,18,9831d4f5.png,True,18,AirBubble,0.7158222198486328,True,18,AirBubble,0.9997151494026184,True,True,0.0,0.22436648375362228,0.22436648375362228,"{'b_iou_0.3': 0.00013313806417254693, 'p_iou_0.3': 0.14320803075608715, 'b_iou_0.4': 0.0, 'p_iou_0.4': 0.1699837441237204, 'b_iou_0.5': 0.0, 'p_iou_0.5': 0.22436648375362228, 'b_iou_0.6': 0.0, 'p_iou_0.6': 0.30504676539360875}",8.027742385864258
AirBubble,18,4a69f683.png,True,18,AirBubble,0.42455270886421204,True,18,AirBubble,0.9999960660934448,True,True,0.0,0.012264819990822243,0.012264819990822243,"{'b_iou_0.3': 0.0, 'p_iou_0.3': 0.025678799116100683, 'b_iou_0.4': 0.0, 'p_iou_0.4': 0.0198303740313625, 'b_iou_0.5': 0.0, 'p_iou_0.5': 0.012264819990822243, 'b_iou_0.6': 0.0, 'p_iou_0.6': 0.013875123885034688}",2.0149073600769043
AirBubble,18,fa8084be.png,True,18,AirBubble,0.6462579369544983,True,18,AirBubble,0.9999991655349731,True,True,0.0,0.089950288862018,0.089950288862018,"{'b_iou_0.3': 0.0, 'p_iou_0.3': 0.06328725038402458, 'b_iou_0.4': 0.0, 'p_iou_0.4': 0.06905799530673819, 'b_iou_0.5': 0.0, 'p_iou_0.5': 0.089950288862018, 'b_iou_0.6': 0.0, 'p_iou_0.6': 0.17265812910355588}",5.337213039398193
AirBubble,18,59132552.png,True,1,HighGradePapillary,0.3122703731060028,False,18,AirBubble,0.9999908208847046,True,False,0.0,0.300646762918926,0.300646762918926,"{'b_iou_0.3': 0.0, 'p_iou_0.3': 0.2006625047776787, 'b_iou_0.4': 0.0, 'p_iou_0.4': 0.24017089669904887, 'b_iou_0.5': 0.0, 'p_iou_0.5': 0.300646762918926, 'b_iou_0.6': 0.0, 'p_iou_0.6': 0.2216403412450376}",9.416852951049805
AirBubble,18,0642ea89.png,True,0,LowGradePapillary,0.2530363202095032,False,18,AirBubble,0.9997690320014954,True,False,0.05291666666666667,0.021702380408461643,-0.031214286258205024,"{'b_iou_0.3': 0.03629556047986551, 'p_iou_0.3': 0.012637011812280515, 'b_iou_0.4': 0.04615228219985768, 'p_iou_0.4': 0.01574672633847174, 'b_iou_0.5': 0.05291666666666667, 'p_iou_0.5': 0.021702380408461643, 'b_iou_0.6': 0.04206854093987277, 'p_iou_0.6': 0.03745170700938264}",0.9466676712036133
AirBubble,18,87f76aca.png,True,1,HighGradePapillary,0.14835937321186066,False,18,AirBubble,0.9989767074584961,True,False,0.0,0.050001250031250784,0.050001250031250784,"{'b_iou_0.3': 0.0, 'p_iou_0.3': 0.06288980159506269, 'b_iou_0.4': 0.0, 'p_iou_0.4': 0.05487002676586671, 'b_iou_0.5': 0.0, 'p_iou_0.5': 0.050001250031250784, 'b_iou_0.6': 0.0, 'p_iou_0.6': 0.04790398918187965}",6.5230393409729
AirBubble,18,ee724bd3.png,True,0,LowGradePapillary,0.33613479137420654,False,18,AirBubble,0.9992033839225769,True,False,0.0,0.02868541992828645,0.02868541992828645,"{'b_iou_0.3': 0.0, 'p_iou_0.3': 0.01580060086792033, 'b_iou_0.4': 0.0, 'p_iou_0.4': 0.02111759675800275, 'b_iou_0.5': 0.0, 'p_iou_0.5': 0.02868541992828645, 'b_iou_0.6': 0.0, 'p_iou_0.6': 0.037109630210375014}",1.132015347480774
AirBubble,18,d0d22aaf.png,True,2,CIS,0.1990664154291153,False,18,AirBubble,0.9999629259109497,True,False,0.0,0.18922072870294335,0.18922072870294335,"{'b_iou_0.3': 0.0, 'p_iou_0.3': 0.13588342440801457, 'b_iou_0.4': 0.0, 'p_iou_0.4': 0.14551597236885766, 'b_iou_0.5': 0.0, 'p_iou_0.5': 0.18922072870294335, 'b_iou_0.6': 0.0, 'p_iou_0.6': 0.26798462383305877}",12.071508407592773
AirBubble,18,e368fe51.png,True,1,HighGradePapillary,0.005914767272770405,False,18,AirBubble,0.9981239438056946,True,False,0.0,0.09319132750095094,0.09319132750095094,"{'b_iou_0.3': 0.0, 'p_iou_0.3': 0.07985651832754176, 'b_iou_0.4': 0.0, 'p_iou_0.4': 0.08668564892555547, 'b_iou_0.5': 0.0, 'p_iou_0.5': 0.09319132750095094, 'b_iou_0.6': 0.0, 'p_iou_0.6': 0.0870959466393022}",7.099011421203613
AirBubble,18,81bce6a7.png,True,1,HighGradePapillary,0.10199049115180969,False,18,AirBubble,0.9999977350234985,True,False,0.0,0.21106758080313417,0.21106758080313417,"{'b_iou_0.3': 0.0, 'p_iou_0.3': 0.1355125077162762, 'b_iou_0.4': 0.0, 'p_iou_0.4': 0.16817951614788265, 'b_iou_0.5': 0.0, 'p_iou_0.5': 0.21106758080313417, 'b_iou_0.6': 0.0, 'p_iou_0.6': 0.2791504834311214}",9.229512214660645
AirBubble,18,8a173d4c.png,True,1,HighGradePapillary,0.012265130877494812,False,18,AirBubble,0.9828457236289978,True,False,0.19327188940092166,0.11962128632060072,-0.07365060308032094,"{'b_iou_0.3': 0.24588851986715218, 'p_iou_0.3': 0.21469326273507394, 'b_iou_0.4': 0.2247829861111111, 'p_iou_0.4': 0.15816808309726157, 'b_iou_0.5': 0.19327188940092166, 'p_iou_0.5': 0.11962128632060072, 'b_iou_0.6': 0.15161997563946406, 'p_iou_0.6': 0.06873048511156804}",34.16175079345703
AirBubble,18,97356f4f.png,True,18,AirBubble,0.6043538451194763,True,18,AirBubble,0.999998927116394,True,True,0.0,0.1432871053408085,0.1432871053408085,"{'b_iou_0.3': 0.0, 'p_iou_0.3': 0.10954948451282515, 'b_iou_0.4': 0.0, 'p_iou_0.4': 0.12052917669835439, 'b_iou_0.5': 0.0, 'p_iou_0.5': 0.1432871053408085, 'b_iou_0.6': 0.0, 'p_iou_0.6': 0.2020872469213108}",9.677933692932129
AirBubble,18,120914bd.png,True,18,AirBubble,0.9966609477996826,True,18,AirBubble,0.9999995231628418,True,True,0.06100418410041841,0.0,-0.06100418410041841,"{'b_iou_0.3': 0.0904997498471288, 'p_iou_0.3': 0.0, 'b_iou_0.4': 0.08191221694157115, 'p_iou_0.4': 0.0, 'b_iou_0.5': 0.06100418410041841, 'p_iou_0.5': 0.0, 'b_iou_0.6': 0.03095788521459443, 'p_iou_0.6': 0.0}",8.725287437438965
AirBubble,18,bedfb3b3.png,True,1,HighGradePapillary,0.010287160985171795,False,18,AirBubble,0.9958196878433228,True,False,0.0,0.167089165656343,0.167089165656343,"{'b_iou_0.3': 0.0, 'p_iou_0.3': 0.11057283698793133, 'b_iou_0.4': 0.0, 'p_iou_0.4': 0.148933611289288, 'b_iou_0.5': 0.0, 'p_iou_0.5': 0.167089165656343, 'b_iou_0.6': 0.0, 'p_iou_0.6': 0.19960235131396958}",7.778619289398193
AirBubble,18,5c9d3a86.png,True,2,CIS,0.06515110284090042,False,18,AirBubble,0.9272990822792053,True,False,0.29640961598501403,0.3310196941481858,0.03461007816317174,"{'b_iou_0.3': 0.3756916618965846, 'p_iou_0.3': 0.34857753756607474, 'b_iou_0.4': 0.36103810775295664, 'p_iou_0.4': 0.4409168151863058, 'b_iou_0.5': 0.29640961598501403, 'p_iou_0.5': 0.3310196941481858, 'b_iou_0.6': 0.250381679389313, 'p_iou_0.6': 0.14328497271396246}",24.246652603149414
AirBubble,18,6329ec43.png,True,1,HighGradePapillary,0.43439021706581116,False,18,AirBubble,0.9999949932098389,True,False,0.0,0.2047465043279749,0.2047465043279749,"{'b_iou_0.3': 0.0, 'p_iou_0.3': 0.14692672508558685, 'b_iou_0.4': 0.0, 'p_iou_0.4': 0.1684913713119317, 'b_iou_0.5': 0.0, 'p_iou_0.5': 0.2047465043279749, 'b_iou_0.6': 0.0, 'p_iou_0.6': 0.296448087431694}",9.323183059692383
AirBubble,18,92bb5eb1.png,True,18,AirBubble,0.5615067481994629,True,18,AirBubble,0.9999963045120239,True,True,0.0,0.14777247414478917,0.14777247414478917,"{'b_iou_0.3': 0.0, 'p_iou_0.3': 0.10573251428978014, 'b_iou_0.4': 0.0, 'p_iou_0.4': 0.1262639136715099, 'b_iou_0.5': 0.0, 'p_iou_0.5': 0.14777247414478917, 'b_iou_0.6': 0.0, 'p_iou_0.6': 0.18524695317511225}",8.884725570678711
AirBubble,18,62622941.png,True,18,AirBubble,0.6035478711128235,True,18,AirBubble,0.9999961853027344,True,True,0.0,0.1529756491866222,0.1529756491866222,"{'b_iou_0.3': 0.0011329037739856971, 'p_iou_0.3': 0.11380891342930388, 'b_iou_0.4': 0.0, 'p_iou_0.4': 0.12961819202695116, 'b_iou_0.5': 0.0, 'p_iou_0.5': 0.1529756491866222, 'b_iou_0.6': 0.0, 'p_iou_0.6': 0.2209941884599419}",9.201610565185547
AirBubble,18,488d1689.png,True,18,AirBubble,0.39886045455932617,True,18,AirBubble,0.9999709129333496,True,True,0.0,0.1897353192296746,0.1897353192296746,"{'b_iou_0.3': 0.0, 'p_iou_0.3': 0.14187206572769953, 'b_iou_0.4': 0.0, 'p_iou_0.4': 0.17075585873033336, 'b_iou_0.5': 0.0, 'p_iou_0.5': 0.1897353192296746, 'b_iou_0.6': 0.0, 'p_iou_0.6': 0.22131433759340735}",9.636080741882324
AirBubble,18,92d9a8a8.png,True,18,AirBubble,0.9935981035232544,True,18,AirBubble,0.9999990463256836,True,True,0.1901639344262295,0.0,-0.1901639344262295,"{'b_iou_0.3': 0.10754681995178936, 'p_iou_0.3': 0.0052335132597981695, 'b_iou_0.4': 0.1417630764217044, 'p_iou_0.4': 0.0009084714967067908, 'b_iou_0.5': 0.1901639344262295, 'p_iou_0.5': 0.0, 'b_iou_0.6': 0.25830973319421674, 'p_iou_0.6': 0.0}",3.4677934646606445
AirBubble,18,dfaee154.png,True,1,HighGradePapillary,0.12030106037855148,False,18,AirBubble,0.9972039461135864,True,False,0.0,0.027978591177738883,0.027978591177738883,"{'b_iou_0.3': 0.0, 'p_iou_0.3': 0.043060637741766855, 'b_iou_0.4': 0.0, 'p_iou_0.4': 0.035196260397332785, 'b_iou_0.5': 0.0, 'p_iou_0.5': 0.027978591177738883, 'b_iou_0.6': 0.0, 'p_iou_0.6': 0.02074715203971234}",5.935108184814453
AirBubble,18,1a857856.png,True,18,AirBubble,0.5998246073722839,True,18,AirBubble,0.9999991655349731,True,True,0.0,0.110889430774157,0.110889430774157,"{'b_iou_0.3': 0.0034023938270854853, 'p_iou_0.3': 0.09906698354018133, 'b_iou_0.4': 0.0, 'p_iou_0.4': 0.10290285714285714, 'b_iou_0.5': 0.0, 'p_iou_0.5': 0.110889430774157, 'b_iou_0.6': 0.0, 'p_iou_0.6': 0.11523170580196297}",8.972416877746582
AirBubble,18,20052351.png,True,1,HighGradePapillary,0.01918528974056244,False,18,AirBubble,0.9999741315841675,True,False,0.0,0.0,0.0,"{'b_iou_0.3': 0.0, 'p_iou_0.3': 0.0, 'b_iou_0.4': 0.0, 'p_iou_0.4': 0.0, 'b_iou_0.5': 0.0, 'p_iou_0.5': 0.0, 'b_iou_0.6': 0.0, 'p_iou_0.6': 0.0}",2.136479616165161
AirBubble,18,cdc79f7f.png,True,18,AirBubble,0.7130225300788879,True,18,AirBubble,0.9999918937683105,True,True,0.0,0.24595871673713007,0.24595871673713007,"{'b_iou_0.3': 0.0, 'p_iou_0.3': 0.16374603901805826, 'b_iou_0.4': 0.0, 'p_iou_0.4': 0.20201592011681033, 'b_iou_0.5': 0.0, 'p_iou_0.5': 0.24595871673713007, 'b_iou_0.6': 0.0, 'p_iou_0.6': 0.24403387220939185}",8.547910690307617
AirBubble,18,10544b5c.png,True,18,AirBubble,0.9980164766311646,True,18,AirBubble,0.9999994039535522,True,True,0.4978148589590783,0.003317299718029524,-0.49449755924104877,"{'b_iou_0.3': 0.21847494553376906, 'p_iou_0.3': 0.01598144090733342, 'b_iou_0.4': 0.32356737222509036, 'p_iou_0.4': 0.007379212105644163, 'b_iou_0.5': 0.4978148589590783, 'p_iou_0.5': 0.003317299718029524, 'b_iou_0.6': 0.6852625298329356, 'p_iou_0.6': 0.0001602692523439378}",4.996412754058838
AirBubble,18,0947de45.png,True,18,AirBubble,0.9927043914794922,True,18,AirBubble,0.999998927116394,True,True,0.1146256966410604,0.019226818947454913,-0.09539887769360549,"{'b_iou_0.3': 0.12940779483718576, 'p_iou_0.3': 0.021032024897098683, 'b_iou_0.4': 0.15481076151390788, 'p_iou_0.4': 0.01945912164081586, 'b_iou_0.5': 0.1146256966410604, 'p_iou_0.5': 0.019226818947454913, 'b_iou_0.6': 0.0, 'p_iou_0.6': 0.0}",3.0572385787963867
AirBubble,18,f3e026db.png,True,1,HighGradePapillary,0.29964664578437805,False,18,AirBubble,0.9999967813491821,True,False,0.0,0.020216324437825037,0.020216324437825037,"{'b_iou_0.3': 0.0, 'p_iou_0.3': 0.07572563299899912, 'b_iou_0.4': 0.0, 'p_iou_0.4': 0.03643579452454091, 'b_iou_0.5': 0.0, 'p_iou_0.5': 0.020216324437825037, 'b_iou_0.6': 0.0, 'p_iou_0.6': 0.009583551141313817}",9.173707962036133
AirBubble,18,d968ab01.png,True,2,CIS,0.08167606592178345,False,18,AirBubble,0.99490886926651,True,False,0.32318167749922627,0.3156680985756274,-0.007513578923598885,"{'b_iou_0.3': 0.3654286843145002, 'p_iou_0.3': 0.3711126688758603, 'b_iou_0.4': 0.3991156963890936, 'p_iou_0.4': 0.34088910974351133, 'b_iou_0.5': 0.32318167749922627, 'p_iou_0.5': 0.3156680985756274, 'b_iou_0.6': 0.2894626657362177, 'p_iou_0.6': 0.26160315647388643}",24.437978744506836
AirBubble,18,e5b1782b.png,True,18,AirBubble,0.6501359939575195,True,18,AirBubble,0.9997943043708801,True,True,0.0,0.11593822625384212,0.11593822625384212,"{'b_iou_0.3': 0.0, 'p_iou_0.3': 0.07307466885476498, 'b_iou_0.4': 0.0, 'p_iou_0.4': 0.08336899539959346, 'b_iou_0.5': 0.0, 'p_iou_0.5': 0.11593822625384212, 'b_iou_0.6': 0.0, 'p_iou_0.6': 0.13035828534868843}",6.212133407592773
AirBubble,18,895e5281.png,True,1,HighGradePapillary,0.27087563276290894,False,18,AirBubble,0.9999990463256836,True,False,0.0,0.0512551753052775,0.0512551753052775,"{'b_iou_0.3': 0.0, 'p_iou_0.3': 0.09139575205895102, 'b_iou_0.4': 0.0, 'p_iou_0.4': 0.09611910261394561, 'b_iou_0.5': 0.0, 'p_iou_0.5': 0.0512551753052775, 'b_iou_0.6': 0.0, 'p_iou_0.6': 0.026454853862212944}",8.404417037963867
AirBubble,18,cf95577b.png,True,18,AirBubble,0.730174720287323,True,18,AirBubble,0.9999254941940308,True,True,0.0,0.17855075818960528,0.17855075818960528,"{'b_iou_0.3': 0.0, 'p_iou_0.3': 0.11390872399875815, 'b_iou_0.4': 0.0, 'p_iou_0.4': 0.15037970458149044, 'b_iou_0.5': 0.0, 'p_iou_0.5': 0.17855075818960528, 'b_iou_0.6': 0.0, 'p_iou_0.6': 0.18117069177241096}",7.312260627746582
AirBubble,18,2359ae1d.png,True,1,HighGradePapillary,0.04771135002374649,False,18,AirBubble,0.9991716146469116,True,False,0.0,0.16552275291462956,0.16552275291462956,"{'b_iou_0.3': 0.0, 'p_iou_0.3': 0.0886142849952182, 'b_iou_0.4': 0.0, 'p_iou_0.4': 0.10806248657275266, 'b_iou_0.5': 0.0, 'p_iou_0.5': 0.16552275291462956, 'b_iou_0.6': 0.0, 'p_iou_0.6': 0.2875593700524956}",7.017298698425293
AirBubble,18,11bd80f5.png,True,18,AirBubble,0.5802179574966431,True,18,AirBubble,0.9999915361404419,True,True,0.12168179482788148,0.1129833103757568,-0.008698484452124677,"{'b_iou_0.3': 0.1294374658656472, 'p_iou_0.3': 0.10663341413388029, 'b_iou_0.4': 0.11960025789813024, 'p_iou_0.4': 0.10908764919829926, 'b_iou_0.5': 0.12168179482788148, 'p_iou_0.5': 0.1129833103757568, 'b_iou_0.6': 0.11498021481062748, 'p_iou_0.6': 0.10313351498637602}",9.28531551361084
AirBubble,18,ef3a91e9.png,True,1,HighGradePapillary,0.06638223677873611,False,18,AirBubble,0.9999978542327881,True,False,0.18425945052675066,0.09704891038670338,-0.08721054014004728,"{'b_iou_0.3': 0.23476345326759676, 'p_iou_0.3': 0.08269934884128828, 'b_iou_0.4': 0.21989109545163357, 'p_iou_0.4': 0.08678845888362248, 'b_iou_0.5': 0.18425945052675066, 'p_iou_0.5': 0.09704891038670338, 'b_iou_0.6': 0.14467131474103587, 'p_iou_0.6': 0.11959515513522483}",7.517538070678711
HighGradePapillary,1,400d2ac6.png,True,0,LowGradePapillary,0.2851543426513672,False,1,HighGradePapillary,0.9698512554168701,True,False,0.0004395389724555577,0.013039193389432189,0.01259965441697663,"{'b_iou_0.3': 0.033142933049946866, 'p_iou_0.3': 0.03405217133540833, 'b_iou_0.4': 0.009673566878980891, 'p_iou_0.4': 0.021581974565985963, 'b_iou_0.5': 0.0004395389724555577, 'p_iou_0.5': 0.013039193389432189, 'b_iou_0.6': 0.0, 'p_iou_0.6': 0.002383053839364519}",19.28611183166504
HighGradePapillary,1,84da52af.png,True,0,LowGradePapillary,0.036258239299058914,False,0,LowGradePapillary,2.6739991881186143e-05,False,False,0.14229837958651517,0.009140767824497258,-0.1331576117620179,"{'b_iou_0.3': 0.08733358176089975, 'p_iou_0.3': 0.06044855135239195, 'b_iou_0.4': 0.10815198315198316, 'p_iou_0.4': 0.03369751217585889, 'b_iou_0.5': 0.14229837958651517, 'p_iou_0.5': 0.009140767824497258, 'b_iou_0.6': 0.23178807947019867, 'p_iou_0.6': 0.0}",5.167809009552002
HighGradePapillary,1,ff859e54.png,True,4,BenignNOS,0.03183683380484581,False,0,LowGradePapillary,0.056669771671295166,False,False,0.0,0.0,0.0,"{'b_iou_0.3': 0.0, 'p_iou_0.3': 0.008647884259762864, 'b_iou_0.4': 0.0, 'p_iou_0.4': 0.0, 'b_iou_0.5': 0.0, 'p_iou_0.5': 0.0, 'b_iou_0.6': 0.0, 'p_iou_0.6': 0.0}",21.578044891357422
HighGradePapillary,1,4de99e24.png,True,0,LowGradePapillary,0.35447728633880615,False,1,HighGradePapillary,0.9798579216003418,True,False,0.0,0.0585485528627789,0.0585485528627789,"{'b_iou_0.3': 0.0, 'p_iou_0.3': 0.04528785741761764, 'b_iou_0.4': 0.0, 'p_iou_0.4': 0.05018899025208173, 'b_iou_0.5': 0.0, 'p_iou_0.5': 0.0585485528627789, 'b_iou_0.6': 0.0, 'p_iou_0.6': 0.07080561050170833}",3.519611120223999
HighGradePapillary,1,5cf41787.png,True,0,LowGradePapillary,0.30619046092033386,False,1,HighGradePapillary,0.9918982982635498,True,False,0.0,0.0,0.0,"{'b_iou_0.3': 0.0, 'p_iou_0.3': 0.025763045618641286, 'b_iou_0.4': 0.0, 'p_iou_0.4': 0.0026006022447303584, 'b_iou_0.5': 0.0, 'p_iou_0.5': 0.0, 'b_iou_0.6': 0.0, 'p_iou_0.6': 0.0}",10.853795051574707
HighGradePapillary,1,9893f32a.png,True,0,LowGradePapillary,0.004972824361175299,False,0,LowGradePapillary,6.87243414176919e-07,False,False,0.6042809364548495,0.14411091325362504,-0.46017002320122447,"{'b_iou_0.3': 0.5198766563880324, 'p_iou_0.3': 0.38002581157549886, 'b_iou_0.4': 0.5816716602954851, 'p_iou_0.4': 0.2815954415954416, 'b_iou_0.5': 0.6042809364548495, 'p_iou_0.5': 0.14411091325362504, 'b_iou_0.6': 0.46640788295013436, 'p_iou_0.6': 0.06857142857142857}",12.68933391571045
HighGradePapillary,1,cec24e40.png,True,0,LowGradePapillary,0.1375918835401535,False,0,LowGradePapillary,0.004910929128527641,False,False,0.052106963635113766,0.0,-0.052106963635113766,"{'b_iou_0.3': 0.06773813761191579, 'p_iou_0.3': 0.0098793424568791, 'b_iou_0.4': 0.07083087802003536, 'p_iou_0.4': 0.002269913330581923, 'b_iou_0.5': 0.052106963635113766, 'p_iou_0.5': 0.0, 'b_iou_0.6': 0.0, 'p_iou_0.6': 0.0}",5.293367385864258
HighGradePapillary,1,ea720b7a.png,True,0,LowGradePapillary,0.011069267988204956,False,0,LowGradePapillary,2.457630330354732e-07,False,False,0.39172195266858106,0.4650380995069476,0.07331614683836651,"{'b_iou_0.3': 0.34839800117577896, 'p_iou_0.3': 0.35862268100772393, 'b_iou_0.4': 0.38184976118106817, 'p_iou_0.4': 0.44035304166271233, 'b_iou_0.5': 0.39172195266858106, 'p_iou_0.5': 0.4650380995069476, 'b_iou_0.6': 0.36183580023426687, 'p_iou_0.6': 0.28668407310704963}",11.204560279846191
HighGradePapillary,1,c4a5dcd6.png,True,0,LowGradePapillary,0.004815414547920227,False,0,LowGradePapillary,3.1379783216323176e-09,False,False,0.22532989099254158,0.07202465014764411,-0.15330524084489747,"{'b_iou_0.3': 0.23793344193623459, 'p_iou_0.3': 0.1226335122916078, 'b_iou_0.4': 0.24968226458694395, 'p_iou_0.4': 0.10122767857142857, 'b_iou_0.5': 0.22532989099254158, 'p_iou_0.5': 0.07202465014764411, 'b_iou_0.6': 0.17096481832413282, 'p_iou_0.6': 0.034903047091412745}",12.836813926696777
HighGradePapillary,1,903dab08.png,True,4,BenignNOS,0.10866012424230576,False,1,HighGradePapillary,0.9994220733642578,True,False,0.0,0.054781146607365626,0.054781146607365626,"{'b_iou_0.3': 0.0, 'p_iou_0.3': 0.10008563875339763, 'b_iou_0.4': 0.0, 'p_iou_0.4': 0.07519635844341306, 'b_iou_0.5': 0.0, 'p_iou_0.5': 0.054781146607365626, 'b_iou_0.6': 0.0, 'p_iou_0.6': 0.028568123987971317}",24.07126808166504
HighGradePapillary,1,b4450043.png,True,1,HighGradePapillary,0.6283074617385864,True,1,HighGradePapillary,0.9997265934944153,True,True,0.04941961191961192,0.003101827170067368,-0.04631778474954455,"{'b_iou_0.3': 0.06974287699791522, 'p_iou_0.3': 0.057308377896613194, 'b_iou_0.4': 0.0607566307998081, 'p_iou_0.4': 0.022296918767507, 'b_iou_0.5': 0.04941961191961192, 'p_iou_0.5': 0.003101827170067368, 'b_iou_0.6': 0.034715960324616775, 'p_iou_0.6': 0.0}",5.000398635864258
HighGradePapillary,1,2cd56b44.png,True,1,HighGradePapillary,0.8581051826477051,True,1,HighGradePapillary,0.9934631586074829,True,True,0.11924094516923639,0.0,-0.11924094516923639,"{'b_iou_0.3': 0.13371789452746213, 'p_iou_0.3': 0.018326891908739557, 'b_iou_0.4': 0.13461026160157707, 'p_iou_0.4': 0.00232461602324616, 'b_iou_0.5': 0.11924094516923639, 'p_iou_0.5': 0.0, 'b_iou_0.6': 0.09364001564221977, 'p_iou_0.6': 0.0}",10.899633407592773
HighGradePapillary,1,8c2f162c.png,True,0,LowGradePapillary,0.12965884804725647,False,0,LowGradePapillary,0.31817522644996643,False,False,0.12729885057471266,0.0,-0.12729885057471266,"{'b_iou_0.3': 0.0731958762886598, 'p_iou_0.3': 0.003455899169059538, 'b_iou_0.4': 0.09555533124726624, 'p_iou_0.4': 0.0006262114209035336, 'b_iou_0.5': 0.12729885057471266, 'p_iou_0.5': 0.0, 'b_iou_0.6': 0.09273232724384432, 'p_iou_0.6': 0.0}",5.66007661819458
HighGradePapillary,1,8fb4f450.png,True,0,LowGradePapillary,0.005926206242293119,False,0,LowGradePapillary,2.7526168011604568e-08,False,False,0.17736554117176032,0.0,-0.17736554117176032,"{'b_iou_0.3': 0.3014098441751175, 'p_iou_0.3': 0.0, 'b_iou_0.4': 0.2625704818926931, 'p_iou_0.4': 0.0, 'b_iou_0.5': 0.17736554117176032, 'p_iou_0.5': 0.0, 'b_iou_0.6': 0.002785515320334262, 'p_iou_0.6': 0.0}",22.62236976623535
HighGradePapillary,1,085d2bdc.png,True,1,HighGradePapillary,0.9752820730209351,True,1,HighGradePapillary,0.9999998807907104,True,True,0.012394447867212699,0.1340340909090909,0.12163964304187821,"{'b_iou_0.3': 0.041501598316985876, 'p_iou_0.3': 0.12196037050064486, 'b_iou_0.4': 0.027658589288470443, 'p_iou_0.4': 0.13478091275516837, 'b_iou_0.5': 0.012394447867212699, 'p_iou_0.5': 0.1340340909090909, 'b_iou_0.6': 0.005700797220861355, 'p_iou_0.6': 0.12403127240449285}",10.365513801574707
HighGradePapillary,1,59dd5709.png,True,1,HighGradePapillary,0.7640596628189087,True,1,HighGradePapillary,0.9999939203262329,True,True,0.0,0.07556963138910883,0.07556963138910883,"{'b_iou_0.3': 0.035943817336231275, 'p_iou_0.3': 0.05820222246671801, 'b_iou_0.4': 0.0, 'p_iou_0.4': 0.06306478147874395, 'b_iou_0.5': 0.0, 'p_iou_0.5': 0.07556963138910883, 'b_iou_0.6': 0.0, 'p_iou_0.6': 0.020461634435433564}",5.271444320678711
HighGradePapillary,1,1cbd4084.png,True,0,LowGradePapillary,0.37061989307403564,False,1,HighGradePapillary,0.9999967813491821,True,False,0.030118014965935743,0.07082736389684814,0.040709348930912395,"{'b_iou_0.3': 0.04587762700240043, 'p_iou_0.3': 0.06514040258642356, 'b_iou_0.4': 0.03374526090353949, 'p_iou_0.4': 0.07086850873017861, 'b_iou_0.5': 0.030118014965935743, 'p_iou_0.5': 0.07082736389684814, 'b_iou_0.6': 0.02431190393833078, 'p_iou_0.6': 0.050729760073183916}",5.681999206542969
HighGradePapillary,1,a718f915.png,True,0,LowGradePapillary,0.004760483279824257,False,0,LowGradePapillary,8.486790079587081e-07,False,False,0.005398975109809663,0.06473752550547208,0.05933855039566242,"{'b_iou_0.3': 0.056649778340721976, 'p_iou_0.3': 0.15763066880997614, 'b_iou_0.4': 0.027193278571696487, 'p_iou_0.4': 0.11284434118818454, 'b_iou_0.5': 0.005398975109809663, 'p_iou_0.5': 0.06473752550547208, 'b_iou_0.6': 0.0, 'p_iou_0.6': 0.021831034721740937}",25.90880012512207
HighGradePapillary,1,3ff02055.png,True,0,LowGradePapillary,0.0010444530053064227,False,0,LowGradePapillary,2.2410112876514177e-08,False,False,0.0023522192677439147,0.002554278416347382,0.0002020591486034673,"{'b_iou_0.3': 0.02439457635147137, 'p_iou_0.3': 0.021255829085782454, 'b_iou_0.4': 0.011522965350523771, 'p_iou_0.4': 0.008778173190984579, 'b_iou_0.5': 0.0023522192677439147, 'p_iou_0.5': 0.002554278416347382, 'b_iou_0.6': 0.0, 'p_iou_0.6': 0.0}",13.333066940307617
HighGradePapillary,1,0738f541.png,True,0,LowGradePapillary,0.22137951850891113,False,1,HighGradePapillary,0.9999933242797852,True,False,0.09989484752891693,0.0,-0.09989484752891693,"{'b_iou_0.3': 0.1003448275862069, 'p_iou_0.3': 0.0100011941724385, 'b_iou_0.4': 0.10054021608643457, 'p_iou_0.4': 0.0, 'b_iou_0.5': 0.09989484752891693, 'p_iou_0.5': 0.0, 'b_iou_0.6': 0.06986369799471918, 'p_iou_0.6': 0.0}",6.457270622253418
HighGradePapillary,1,42ba6ed2.png,True,1,HighGradePapillary,0.7120733857154846,True,1,HighGradePapillary,0.9999990463256836,True,True,0.0014500634402755121,0.008549464760399453,0.007099401320123941,"{'b_iou_0.3': 0.07125965631404699, 'p_iou_0.3': 0.05489084802686818, 'b_iou_0.4': 0.04499193593237306, 'p_iou_0.4': 0.05112949707167426, 'b_iou_0.5': 0.0014500634402755121, 'p_iou_0.5': 0.008549464760399453, 'b_iou_0.6': 0.0, 'p_iou_0.6': 0.0}",3.89628529548645
HighGradePapillary,1,7598676c.png,True,1,HighGradePapillary,0.6101494431495667,True,1,HighGradePapillary,0.9999984502792358,True,True,0.0298193389447752,0.104682838241017,0.0748634992962418,"{'b_iou_0.3': 0.07373898846977994, 'p_iou_0.3': 0.07232127501003267, 'b_iou_0.4': 0.058314820691843856, 'p_iou_0.4': 0.0870600414078675, 'b_iou_0.5': 0.0298193389447752, 'p_iou_0.5': 0.104682838241017, 'b_iou_0.6': 0.018110294663400875, 'p_iou_0.6': 0.08585777635304803}",5.0283002853393555
HighGradePapillary,1,a19e842b.png,True,1,HighGradePapillary,0.9712892770767212,True,1,HighGradePapillary,0.9988415837287903,True,True,0.13414634146341464,0.07523144388500894,-0.058914897578405706,"{'b_iou_0.3': 0.10262328554307781, 'p_iou_0.3': 0.054919528787124604, 'b_iou_0.4': 0.12079378774805867, 'p_iou_0.4': 0.06146214653297257, 'b_iou_0.5': 0.13414634146341464, 'p_iou_0.5': 0.07523144388500894, 'b_iou_0.6': 0.04788843573214051, 'p_iou_0.6': 0.06564295977011494}",4.617745399475098
HighGradePapillary,1,82469aac.png,True,1,HighGradePapillary,0.7084939479827881,True,1,HighGradePapillary,0.9999961853027344,True,True,0.01748580117168284,0.03422648937452296,0.01674068820284012,"{'b_iou_0.3': 0.03366067381779725, 'p_iou_0.3': 0.06534132868578856, 'b_iou_0.4': 0.025975894945134016, 'p_iou_0.4': 0.05884992406461411, 'b_iou_0.5': 0.01748580117168284, 'p_iou_0.5': 0.03422648937452296, 'b_iou_0.6': 0.010033828335531219, 'p_iou_0.6': 0.006438141639116061}",4.49617338180542
HighGradePapillary,1,9d87ff79.png,True,0,LowGradePapillary,0.007385248318314552,False,0,LowGradePapillary,0.0020965479779988527,False,False,0.10778161949886883,0.0,-0.10778161949886883,"{'b_iou_0.3': 0.0677826491297994, 'p_iou_0.3': 0.030899891579327793, 'b_iou_0.4': 0.07998871190267151, 'p_iou_0.4': 0.0054481774549228175, 'b_iou_0.5': 0.10778161949886883, 'p_iou_0.5': 0.0, 'b_iou_0.6': 0.09122497055359247, 'p_iou_0.6': 0.0}",5.084104061126709
HighGradePapillary,1,01d8fc3f.png,True,0,LowGradePapillary,0.005780181847512722,False,0,LowGradePapillary,3.5910613149781057e-08,False,False,0.44977109786645936,0.47539774523232536,0.025626647365866007,"{'b_iou_0.3': 0.3721077942110516, 'p_iou_0.3': 0.5501432664756447, 'b_iou_0.4': 0.46351163253131833, 'p_iou_0.4': 0.5576579120775675, 'b_iou_0.5': 0.44977109786645936, 'p_iou_0.5': 0.47539774523232536, 'b_iou_0.6': 0.3392531438993952, 'p_iou_0.6': 0.3668943890693247}",17.729591369628906
HighGradePapillary,1,9f43d710.png,True,1,HighGradePapillary,0.875225841999054,True,1,HighGradePapillary,0.9998698234558105,True,True,0.044947351878044946,0.009764609786886463,-0.035182742091158486,"{'b_iou_0.3': 0.03834441980783444, 'p_iou_0.3': 0.029732123620520433, 'b_iou_0.4': 0.04776174620791713, 'p_iou_0.4': 0.028221674467554768, 'b_iou_0.5': 0.044947351878044946, 'p_iou_0.5': 0.009764609786886463, 'b_iou_0.6': 0.0, 'p_iou_0.6': 0.0}",2.5849010944366455
HighGradePapillary,1,7c88409d.png,True,1,HighGradePapillary,0.7092885971069336,True,1,HighGradePapillary,0.9999043941497803,True,True,0.0,0.05862792244334169,0.05862792244334169,"{'b_iou_0.3': 0.0, 'p_iou_0.3': 0.07575409459415104, 'b_iou_0.4': 0.0, 'p_iou_0.4': 0.0803710027941633, 'b_iou_0.5': 0.0, 'p_iou_0.5': 0.05862792244334169, 'b_iou_0.6': 0.0, 'p_iou_0.6': 0.0032897376233651607}",4.599808692932129
HighGradePapillary,1,383d6520.png,True,1,HighGradePapillary,0.6321433186531067,True,1,HighGradePapillary,0.9961972236633301,True,True,0.23616725618999496,0.0048330404217926184,-0.23133421576820234,"{'b_iou_0.3': 0.14711086704496917, 'p_iou_0.3': 0.07432548547860457, 'b_iou_0.4': 0.1750719001903836, 'p_iou_0.4': 0.03403443892291691, 'b_iou_0.5': 0.23616725618999496, 'p_iou_0.5': 0.0048330404217926184, 'b_iou_0.6': 0.27491545653471255, 'p_iou_0.6': 0.0}",9.612165451049805
HighGradePapillary,1,700c4947.png,True,1,HighGradePapillary,0.9238806366920471,True,1,HighGradePapillary,0.9999974966049194,True,True,0.05564725300636642,0.17171891742421624,0.11607166441784983,"{'b_iou_0.3': 0.10839925269308741, 'p_iou_0.3': 0.11175809352517986, 'b_iou_0.4': 0.08370394644445485, 'p_iou_0.4': 0.1265304044594904, 'b_iou_0.5': 0.05564725300636642, 'p_iou_0.5': 0.17171891742421624, 'b_iou_0.6': 0.023811340914294436, 'p_iou_0.6': 0.2405990380411019}",9.907127380371094
HighGradePapillary,1,3a1496e8.png,True,1,HighGradePapillary,0.8832516074180603,True,1,HighGradePapillary,0.9997088313102722,True,True,0.08482632541133456,0.1270521056388294,0.04222578022749485,"{'b_iou_0.3': 0.15106693673748176, 'p_iou_0.3': 0.12128480060195636, 'b_iou_0.4': 0.13329483107132545, 'p_iou_0.4': 0.12227625675058437, 'b_iou_0.5': 0.08482632541133456, 'p_iou_0.5': 0.1270521056388294, 'b_iou_0.6': 0.011840062111801242, 'p_iou_0.6': 0.13654132539091585}",10.42530345916748
HighGradePapillary,1,6df9b6bd.png,True,1,HighGradePapillary,0.8970018625259399,True,1,HighGradePapillary,0.9999984502792358,True,True,0.03678410678255471,0.08502347002037021,0.0482393632378155,"{'b_iou_0.3': 0.05621610346266166, 'p_iou_0.3': 0.07026661815913934, 'b_iou_0.4': 0.04593269977885363, 'p_iou_0.4': 0.07915683498505584, 'b_iou_0.5': 0.03678410678255471, 'p_iou_0.5': 0.08502347002037021, 'b_iou_0.6': 0.021212453409340058, 'p_iou_0.6': 0.04744011272898074}",5.448820114135742
HighGradePapillary,1,8b64aef9.png,True,0,LowGradePapillary,0.3884788155555725,False,1,HighGradePapillary,0.9928845167160034,True,False,0.0,0.026758147512864493,0.026758147512864493,"{'b_iou_0.3': 0.009231193166161477, 'p_iou_0.3': 0.069685478474236, 'b_iou_0.4': 0.0, 'p_iou_0.4': 0.045981751636682305, 'b_iou_0.5': 0.0, 'p_iou_0.5': 0.026758147512864493, 'b_iou_0.6': 0.0, 'p_iou_0.6': 0.013131448479163876}",13.211496353149414
UreteralOrifice,12,bdcfe5e5.png,True,12,UreteralOrifice,0.9823532104492188,True,12,UreteralOrifice,0.9982951283454895,True,True,0.22045700727291484,0.023631589577863057,-0.1968254176950518,"{'b_iou_0.3': 0.18566420475817705, 'p_iou_0.3': 0.1277689503691934, 'b_iou_0.4': 0.21822405150984148, 'p_iou_0.4': 0.08162347518129182, 'b_iou_0.5': 0.22045700727291484, 'p_iou_0.5': 0.023631589577863057, 'b_iou_0.6': 0.2263203214695752, 'p_iou_0.6': 0.01055694098088113}",10.871731758117676
UreteralOrifice,12,f32a40b2.png,True,0,LowGradePapillary,0.1948493868112564,False,12,UreteralOrifice,0.9880422353744507,True,False,0.14721699381554182,0.13659128851115496,-0.010625705304386862,"{'b_iou_0.3': 0.11579880043620501, 'p_iou_0.3': 0.0909910812706684, 'b_iou_0.4': 0.16143145613641463, 'p_iou_0.4': 0.11038842623548721, 'b_iou_0.5': 0.14721699381554182, 'p_iou_0.5': 0.13659128851115496, 'b_iou_0.6': 0.11927042030134814, 'p_iou_0.6': 0.15600893219650833}",3.619260311126709
UreteralOrifice,12,8006f3f2.png,True,12,UreteralOrifice,0.34498268365859985,True,15,Trabeculation,0.03893959894776344,False,False,0.01651521137890162,0.023722425451723754,0.007207214072822134,"{'b_iou_0.3': 0.04563208535772125, 'p_iou_0.3': 0.040542049811995086, 'b_iou_0.4': 0.038037097910307585, 'p_iou_0.4': 0.04085033554024231, 'b_iou_0.5': 0.01651521137890162, 'p_iou_0.5': 0.023722425451723754, 'b_iou_0.6': 0.008105120962790126, 'p_iou_0.6': 0.01675936768149883}",2.1703603267669678
UreteralOrifice,12,f10a5696.png,True,12,UreteralOrifice,0.9291149377822876,True,12,UreteralOrifice,0.9998948574066162,True,True,0.11268522226672006,0.09751021643711215,-0.015175005829607915,"{'b_iou_0.3': 0.10921571992448945, 'p_iou_0.3': 0.1077729715559051, 'b_iou_0.4': 0.11261709359197546, 'p_iou_0.4': 0.10773107177974435, 'b_iou_0.5': 0.11268522226672006, 'p_iou_0.5': 0.09751021643711215, 'b_iou_0.6': 0.11380467118172036, 'p_iou_0.6': 0.09847663310095534}",8.225048065185547
UreteralOrifice,12,21827468.png,True,18,AirBubble,0.10864043980836868,False,18,AirBubble,2.711582237679977e-05,False,False,0.2088469905728789,0.09449332029977191,-0.11435367027310699,"{'b_iou_0.3': 0.13307173344348067, 'p_iou_0.3': 0.09844014722205995, 'b_iou_0.4': 0.1674731182795699, 'p_iou_0.4': 0.11129194760908316, 'b_iou_0.5': 0.2088469905728789, 'p_iou_0.5': 0.09449332029977191, 'b_iou_0.6': 0.17421193829644535, 'p_iou_0.6': 0.048566991387830015}",3.912229061126709
UreteralOrifice,12,9f990aba.png,True,12,UreteralOrifice,0.6152238249778748,True,12,UreteralOrifice,0.9993681311607361,True,True,0.1660595021250759,0.17759188151398794,0.01153237938891205,"{'b_iou_0.3': 0.16781275629297837, 'p_iou_0.3': 0.10538409730200864, 'b_iou_0.4': 0.17806472182368882, 'p_iou_0.4': 0.13283208020050125, 'b_iou_0.5': 0.1660595021250759, 'p_iou_0.5': 0.17759188151398794, 'b_iou_0.6': 0.12823512209387336, 'p_iou_0.6': 0.21995777104562564}",5.301339149475098
UreteralOrifice,12,168fe2f4.png,True,12,UreteralOrifice,0.9782146215438843,True,12,UreteralOrifice,0.9996597766876221,True,True,0.27879753411373553,0.14965514249772263,-0.1291423916160129,"{'b_iou_0.3': 0.1814697926059513, 'p_iou_0.3': 0.1251710411742754, 'b_iou_0.4': 0.21633969363074443, 'p_iou_0.4': 0.14461770623742454, 'b_iou_0.5': 0.27879753411373553, 'p_iou_0.5': 0.14965514249772263, 'b_iou_0.6': 0.3539143279172821, 'p_iou_0.6': 0.1210532250789355}",8.021763801574707
UreteralOrifice,12,69b3724e.png,True,12,UreteralOrifice,0.292876273393631,True,12,UreteralOrifice,0.9913243055343628,True,True,0.12999322951929587,0.11848795225112373,-0.011505277268172145,"{'b_iou_0.3': 0.09655529357639887, 'p_iou_0.3': 0.07484373731634061, 'b_iou_0.4': 0.11945784516425453, 'p_iou_0.4': 0.094027548795405, 'b_iou_0.5': 0.12999322951929587, 'p_iou_0.5': 0.11848795225112373, 'b_iou_0.6': 0.12217194570135746, 'p_iou_0.6': 0.15553157042633567}",3.6750636100769043
UreteralOrifice,12,f1766271.png,True,14,ResectionScar,0.22759756445884705,False,15,Trabeculation,0.19867923855781555,False,False,0.07542643923240938,0.06174512460967419,-0.01368131462273519,"{'b_iou_0.3': 0.09134867462860471, 'p_iou_0.3': 0.06853258696521392, 'b_iou_0.4': 0.08699576477122821, 'p_iou_0.4': 0.0692071414858898, 'b_iou_0.5': 0.07542643923240938, 'p_iou_0.5': 0.06174512460967419, 'b_iou_0.6': 0.05569290826284971, 'p_iou_0.6': 0.049557952794225}",3.41597580909729
UreteralOrifice,12,51b7bb17.png,True,12,UreteralOrifice,0.9763760566711426,True,12,UreteralOrifice,0.9966591596603394,True,True,0.23204837490551777,0.1108182955154547,-0.12123007939006307,"{'b_iou_0.3': 0.18711035877957144, 'p_iou_0.3': 0.11754577282901911, 'b_iou_0.4': 0.20969831575050898, 'p_iou_0.4': 0.12376511226252158, 'b_iou_0.5': 0.23204837490551777, 'p_iou_0.5': 0.1108182955154547, 'b_iou_0.6': 0.25875043148084226, 'p_iou_0.6': 0.07548691944220352}",9.032206535339355
UreteralOrifice,12,1ffd330d.png,True,12,UreteralOrifice,0.6979470252990723,True,18,AirBubble,0.004667747765779495,False,False,0.009191307445671535,0.07877420567775897,0.06958289823208744,"{'b_iou_0.3': 0.06421086645432304, 'p_iou_0.3': 0.12048569492938663, 'b_iou_0.4': 0.024113803273000636, 'p_iou_0.4': 0.12976173491225568, 'b_iou_0.5': 0.009191307445671535, 'p_iou_0.5': 0.07877420567775897, 'b_iou_0.6': 0.00208437552109388, 'p_iou_0.6': 0.039817554240631166}",5.558434009552002
UreteralOrifice,12,4293a3dc.png,True,12,UreteralOrifice,0.8276775479316711,True,12,UreteralOrifice,0.9997801184654236,True,True,0.38703857896197613,0.03096462685000525,-0.3560739521119709,"{'b_iou_0.3': 0.28825351441505837, 'p_iou_0.3': 0.12332747884400447, 'b_iou_0.4': 0.3558067953119451, 'p_iou_0.4': 0.04764232533654208, 'b_iou_0.5': 0.38703857896197613, 'p_iou_0.5': 0.03096462685000525, 'b_iou_0.6': 0.22083675143560294, 'p_iou_0.6': 0.02432753164556962}",12.055564880371094
UreteralOrifice,12,454dc2f0.png,True,12,UreteralOrifice,0.5134443640708923,True,18,AirBubble,0.0011509329779073596,False,False,0.14538124036523184,0.13282913576620897,-0.012552104599022867,"{'b_iou_0.3': 0.12625978090766823, 'p_iou_0.3': 0.10349570744201489, 'b_iou_0.4': 0.1412706611570248, 'p_iou_0.4': 0.12041346793205586, 'b_iou_0.5': 0.14538124036523184, 'p_iou_0.5': 0.13282913576620897, 'b_iou_0.6': 0.12430720506730007, 'p_iou_0.6': 0.15285538403257884}",4.988440990447998
UreteralOrifice,12,a4ca6b92.png,True,12,UreteralOrifice,0.429989218711853,True,12,UreteralOrifice,0.9926222562789917,True,True,0.16439649359406608,0.20498533724340176,0.04058884364933568,"{'b_iou_0.3': 0.11548013245033113, 'p_iou_0.3': 0.15571219333577443, 'b_iou_0.4': 0.1371147419235054, 'p_iou_0.4': 0.174161150422278, 'b_iou_0.5': 0.16439649359406608, 'p_iou_0.5': 0.20498533724340176, 'b_iou_0.6': 0.1872770511296076, 'p_iou_0.6': 0.2361423220973783}",4.069674968719482
UreteralOrifice,12,7daaa806.png,True,14,ResectionScar,0.0023523641284555197,False,18,AirBubble,0.0032826843671500683,False,False,0.4406893464637422,0.07333363216639024,-0.3673557142973519,"{'b_iou_0.3': 0.3262179809141135, 'p_iou_0.3': 0.07801179959037692, 'b_iou_0.4': 0.3998269896193772, 'p_iou_0.4': 0.07404661016949153, 'b_iou_0.5': 0.4406893464637422, 'p_iou_0.5': 0.07333363216639024, 'b_iou_0.6': 0.4370807620069761, 'p_iou_0.6': 0.08818355079900309}",5.498644828796387
UreteralOrifice,12,7da1f4b1.png,True,12,UreteralOrifice,0.9145773649215698,True,12,UreteralOrifice,0.9995834231376648,True,True,0.2094572635684108,0.22292797237296497,0.013470708804554171,"{'b_iou_0.3': 0.20184234515184954, 'p_iou_0.3': 0.16738289643317578, 'b_iou_0.4': 0.20027418489598856, 'p_iou_0.4': 0.20509621382983828, 'b_iou_0.5': 0.2094572635684108, 'p_iou_0.5': 0.22292797237296497, 'b_iou_0.6': 0.17956339038638927, 'p_iou_0.6': 0.19186939303321748}",9.652024269104004
UreteralOrifice,12,bbd5f4e2.png,True,14,ResectionScar,0.01533308532088995,False,14,ResectionScar,0.004498888738453388,False,False,0.1065204326923077,0.1277486215372351,0.0212281888449274,"{'b_iou_0.3': 0.10687991876110688, 'p_iou_0.3': 0.0991503687079192, 'b_iou_0.4': 0.10620825577575824, 'p_iou_0.4': 0.10892797239660708, 'b_iou_0.5': 0.1065204326923077, 'p_iou_0.5': 0.1277486215372351, 'b_iou_0.6': 0.10220525869380831, 'p_iou_0.6': 0.15620296710384862}",5.098054885864258
UreteralOrifice,12,cffdee46.png,True,12,UreteralOrifice,0.37502405047416687,True,12,UreteralOrifice,0.9139755964279175,True,True,0.1341061257120016,0.11086870289567632,-0.023237422816325265,"{'b_iou_0.3': 0.10195517405817835, 'p_iou_0.3': 0.17837015833258787, 'b_iou_0.4': 0.10928859894377135, 'p_iou_0.4': 0.14930715935334873, 'b_iou_0.5': 0.1341061257120016, 'p_iou_0.5': 0.11086870289567632, 'b_iou_0.6': 0.139321468298109, 'p_iou_0.6': 0.0418030722739864}",4.7353315353393555
UreteralOrifice,12,5bd261ef.png,True,14,ResectionScar,0.007587846368551254,False,14,ResectionScar,0.0019043168285861611,False,False,0.001074278698588091,0.15989187024429316,0.15881759154570507,"{'b_iou_0.3': 0.016221237673288553, 'p_iou_0.3': 0.10212620877758492, 'b_iou_0.4': 0.008423326133909287, 'p_iou_0.4': 0.12763896959132287, 'b_iou_0.5': 0.001074278698588091, 'p_iou_0.5': 0.15989187024429316, 'b_iou_0.6': 0.0, 'p_iou_0.6': 0.2249746825582301}",6.566884517669678
UreteralOrifice,12,a1b47592.png,True,12,UreteralOrifice,0.978905439376831,True,12,UreteralOrifice,0.9999953508377075,True,True,0.18872323455426712,0.13638379001507492,-0.052339444539192204,"{'b_iou_0.3': 0.1328266689696865, 'p_iou_0.3': 0.09363489695899668, 'b_iou_0.4': 0.15651554470055462, 'p_iou_0.4': 0.10947788020073318, 'b_iou_0.5': 0.18872323455426712, 'p_iou_0.5': 0.13638379001507492, 'b_iou_0.6': 0.27794862518089725, 'p_iou_0.6': 0.19497971602434078}",6.130420684814453
UreteralOrifice,12,507d4d7d.png,True,14,ResectionScar,0.011693369597196579,False,0,LowGradePapillary,0.0004036988830193877,False,False,0.060430729668916744,0.07842085722536199,0.017990127556445246,"{'b_iou_0.3': 0.07485331098072087, 'p_iou_0.3': 0.08523587078097243, 'b_iou_0.4': 0.06809015421115065, 'p_iou_0.4': 0.08277806253203486, 'b_iou_0.5': 0.060430729668916744, 'p_iou_0.5': 0.07842085722536199, 'b_iou_0.6': 0.052437052437052434, 'p_iou_0.6': 0.07419228125306884}",5.84741735458374
ResectionScar,14,9b67345d.png,False,14,ResectionScar,0.9987667798995972,True,14,ResectionScar,0.9999995231628418,True,True,0.0037770897832817337,0.07031897265948633,0.0665418828762046,"{'b_iou_0.3': 0.021089416192175168, 'p_iou_0.3': 0.05857993270641015, 'b_iou_0.4': 0.011242057242165862, 'p_iou_0.4': 0.060684600947359016, 'b_iou_0.5': 0.0037770897832817337, 'p_iou_0.5': 0.07031897265948633, 'b_iou_0.6': 0.0, 'p_iou_0.6': 0.06946232603764331}",5.4129462242126465
ResectionScar,14,74d748e8.png,False,14,ResectionScar,0.9960262775421143,True,14,ResectionScar,0.9999997615814209,True,True,0.1660831370551913,0.0,-0.1660831370551913,"{'b_iou_0.3': 0.1306426979795198, 'p_iou_0.3': 0.0029199176678952657, 'b_iou_0.4': 0.14256051581880771, 'p_iou_0.4': 0.0, 'b_iou_0.5': 0.1660831370551913, 'p_iou_0.5': 0.0, 'b_iou_0.6': 0.21643858975998637, 'p_iou_0.6': 0.0}",10.399394035339355
ResectionScar,14,256467ba.png,False,14,ResectionScar,0.9985345602035522,True,14,ResectionScar,0.9999997615814209,True,True,0.33598117992117565,0.002927171961595504,-0.3330540079595802,"{'b_iou_0.3': 0.2648284166164961, 'p_iou_0.3': 0.020563059240039767, 'b_iou_0.4': 0.29474671669793623, 'p_iou_0.4': 0.009535336836511778, 'b_iou_0.5': 0.33598117992117565, 'p_iou_0.5': 0.002927171961595504, 'b_iou_0.6': 0.3177182561918637, 'p_iou_0.6': 0.00012380068090374498}",21.916852951049805
ResectionScar,14,8a8cb820.png,False,14,ResectionScar,0.9951683282852173,True,14,ResectionScar,0.9999998807907104,True,True,0.26486312399355877,0.0,-0.26486312399355877,"{'b_iou_0.3': 0.24400473699792757, 'p_iou_0.3': 0.0, 'b_iou_0.4': 0.2660390047074647, 'p_iou_0.4': 0.0, 'b_iou_0.5': 0.26486312399355877, 'p_iou_0.5': 0.0, 'b_iou_0.6': 0.24047263216887727, 'p_iou_0.6': 0.0}",19.71061897277832
ResectionScar,14,bafa200c.png,False,14,ResectionScar,0.9149878025054932,True,14,ResectionScar,0.9999994039535522,True,True,0.472,0.0,-0.472,"{'b_iou_0.3': 0.5111529488806122, 'p_iou_0.3': 0.0, 'b_iou_0.4': 0.5437608318890814, 'p_iou_0.4': 0.0, 'b_iou_0.5': 0.472, 'p_iou_0.5': 0.0, 'b_iou_0.6': 0.35559438650139247, 'p_iou_0.6': 0.0}",28.846460342407227
ResectionScar,14,c722469e.png,False,14,ResectionScar,0.9923197627067566,True,14,ResectionScar,0.9999998807907104,True,True,0.34269602769549234,0.19265422348779782,-0.15004180420769453,"{'b_iou_0.3': 0.3338277205839586, 'p_iou_0.3': 0.24498327759197325, 'b_iou_0.4': 0.34560906515580736, 'p_iou_0.4': 0.23643542498089495, 'b_iou_0.5': 0.34269602769549234, 'p_iou_0.5': 0.19265422348779782, 'b_iou_0.6': 0.31982898177742725, 'p_iou_0.6': 0.15906261442694983}",23.35778045654297
ResectionScar,14,d412d37a.png,False,14,ResectionScar,0.9892237782478333,True,14,ResectionScar,1.0,True,True,0.03085971912732549,0.0,-0.03085971912732549,"{'b_iou_0.3': 0.07784558013390966, 'p_iou_0.3': 0.0, 'b_iou_0.4': 0.05570102903344359, 'p_iou_0.4': 0.0, 'b_iou_0.5': 0.03085971912732549, 'p_iou_0.5': 0.0, 'b_iou_0.6': 0.01454086714029613, 'p_iou_0.6': 0.0}",9.255420684814453
ResectionScar,14,8112404c.png,False,14,ResectionScar,0.9843413233757019,True,14,ResectionScar,0.9999990463256836,True,True,0.01867265763111373,0.17773540241977906,0.15906274478866533,"{'b_iou_0.3': 0.028818732175914345, 'p_iou_0.3': 0.09337188950612586, 'b_iou_0.4': 0.023594214851689298, 'p_iou_0.4': 0.11349201455262996, 'b_iou_0.5': 0.01867265763111373, 'p_iou_0.5': 0.17773540241977906, 'b_iou_0.6': 0.012534690101757631, 'p_iou_0.6': 0.039409453506369804}",7.336176872253418
ResectionScar,14,25d8afde.png,False,14,ResectionScar,0.9959555864334106,True,14,ResectionScar,0.9999998807907104,True,True,0.0019233670236838136,0.0,-0.0019233670236838136,"{'b_iou_0.3': 0.01571152028091658, 'p_iou_0.3': 0.0017310188969562918, 'b_iou_0.4': 0.004559743974624033, 'p_iou_0.4': 0.0, 'b_iou_0.5': 0.0019233670236838136, 'p_iou_0.5': 0.0, 'b_iou_0.6': 0.0, 'p_iou_0.6': 0.0}",7.077088832855225
ResectionScar,14,288dbac2.png,False,14,ResectionScar,0.9890919923782349,True,14,ResectionScar,0.9999998807907104,True,True,0.00666087460179554,0.0,-0.00666087460179554,"{'b_iou_0.3': 0.058265553108441094, 'p_iou_0.3': 0.0031590955626407697, 'b_iou_0.4': 0.029487613639323763, 'p_iou_0.4': 0.0, 'b_iou_0.5': 0.00666087460179554, 'p_iou_0.5': 0.0, 'b_iou_0.6': 0.0010644431631702666, 'p_iou_0.6': 0.0}",7.579320907592773
ResectionScar,14,8bd4568d.png,False,14,ResectionScar,0.994510293006897,True,14,ResectionScar,0.9999998807907104,True,True,0.015005818582715746,0.0,-0.015005818582715746,"{'b_iou_0.3': 0.06951871657754011, 'p_iou_0.3': 0.00995123051334818, 'b_iou_0.4': 0.03655177369517833, 'p_iou_0.4': 0.0, 'b_iou_0.5': 0.015005818582715746, 'p_iou_0.5': 0.0, 'b_iou_0.6': 0.009200125050243401, 'p_iou_0.6': 0.0}",9.711814880371094
ResectionScar,14,6db47719.png,False,14,ResectionScar,0.9958819150924683,True,14,ResectionScar,1.0,True,True,0.0,0.0,0.0,"{'b_iou_0.3': 0.006374010486275316, 'p_iou_0.3': 0.0, 'b_iou_0.4': 0.0008755034144633164, 'p_iou_0.4': 0.0, 'b_iou_0.5': 0.0, 'p_iou_0.5': 0.0, 'b_iou_0.6': 0.0, 'p_iou_0.6': 0.0}",5.305325031280518
ResectionScar,14,bfa79919.png,False,14,ResectionScar,0.9958853125572205,True,14,ResectionScar,1.0,True,True,0.0,0.0,0.0,"{'b_iou_0.3': 0.008317540534849443, 'p_iou_0.3': 0.0, 'b_iou_0.4': 0.0015475883415011606, 'p_iou_0.4': 0.0, 'b_iou_0.5': 0.0, 'p_iou_0.5': 0.0, 'b_iou_0.6': 0.0, 'p_iou_0.6': 0.0}",5.588329315185547
ResectionScar,14,5f209ef2.png,False,14,ResectionScar,0.997425377368927,True,14,ResectionScar,1.0,True,True,0.0,0.0,0.0,"{'b_iou_0.3': 0.0, 'p_iou_0.3': 0.0, 'b_iou_0.4': 0.0, 'p_iou_0.4': 0.0, 'b_iou_0.5': 0.0, 'p_iou_0.5': 0.0, 'b_iou_0.6': 0.0, 'p_iou_0.6': 0.0}",6.014827728271484
ResectionScar,14,2880eecf.png,False,14,ResectionScar,0.9937326312065125,True,14,ResectionScar,1.0,True,True,0.0007193166491832759,0.0,-0.0007193166491832759,"{'b_iou_0.3': 0.03561378627225862, 'p_iou_0.3': 0.0, 'b_iou_0.4': 0.01275366763788785, 'p_iou_0.4': 0.0, 'b_iou_0.5': 0.0007193166491832759, 'p_iou_0.5': 0.0, 'b_iou_0.6': 0.0, 'p_iou_0.6': 0.0}",8.918606758117676
ResectionScar,14,d6119ac4.png,False,14,ResectionScar,0.9959677457809448,True,14,ResectionScar,1.0,True,True,0.0,0.0,0.0,"{'b_iou_0.3': 0.0, 'p_iou_0.3': 0.0, 'b_iou_0.4': 0.0, 'p_iou_0.4': 0.0, 'b_iou_0.5': 0.0, 'p_iou_0.5': 0.0, 'b_iou_0.6': 0.0, 'p_iou_0.6': 0.0}",7.565370082855225
ResectionScar,14,d08bf1da.png,False,14,ResectionScar,0.9991587400436401,True,14,ResectionScar,0.9999992847442627,True,True,0.041328763869566694,0.06797043774872086,0.026641673879154164,"{'b_iou_0.3': 0.03934211121668703, 'p_iou_0.3': 0.06352951178558525, 'b_iou_0.4': 0.03955372559436844, 'p_iou_0.4': 0.06502490917397263, 'b_iou_0.5': 0.041328763869566694, 'p_iou_0.5': 0.06797043774872086, 'b_iou_0.6': 0.03286468266288198, 'p_iou_0.6': 0.06964951110862073}",5.95703125
ResectionScar,14,745f9d54.png,False,14,ResectionScar,0.9968708157539368,True,14,ResectionScar,0.9999992847442627,True,True,0.10196941481857683,0.00025095362377032727,-0.1017184611948065,"{'b_iou_0.3': 0.08577837595334231, 'p_iou_0.3': 0.004307153913453126, 'b_iou_0.4': 0.11671009498192822, 'p_iou_0.4': 0.002021590587474225, 'b_iou_0.5': 0.10196941481857683, 'p_iou_0.5': 0.00025095362377032727, 'b_iou_0.6': 0.09863685097258386, 'p_iou_0.6': 0.0}",5.715880393981934
ResectionScar,14,10e2f4fc.png,False,14,ResectionScar,0.9791138768196106,True,14,ResectionScar,0.9999994039535522,True,True,0.02357425705932423,0.0,-0.02357425705932423,"{'b_iou_0.3': 0.05600133734536944, 'p_iou_0.3': 0.0, 'b_iou_0.4': 0.03515546206379852, 'p_iou_0.4': 0.0, 'b_iou_0.5': 0.02357425705932423, 'p_iou_0.5': 0.0, 'b_iou_0.6': 0.010944541524878138, 'p_iou_0.6': 0.0}",7.176738262176514
ResectionScar,14,69707293.png,False,14,ResectionScar,0.9926990866661072,True,14,ResectionScar,0.9999992847442627,True,True,0.07349000781511666,0.0,-0.07349000781511666,"{'b_iou_0.3': 0.07162414707288452, 'p_iou_0.3': 0.0, 'b_iou_0.4': 0.07716273513082995, 'p_iou_0.4': 0.0, 'b_iou_0.5': 0.07349000781511666, 'p_iou_0.5': 0.0, 'b_iou_0.6': 0.04141174671153258, 'p_iou_0.6': 0.0}",6.568877220153809
ResectionScar,14,e8660232.png,False,14,ResectionScar,0.997760534286499,True,14,ResectionScar,0.999998927116394,True,True,0.10883410980715928,0.0,-0.10883410980715928,"{'b_iou_0.3': 0.1289586166699048, 'p_iou_0.3': 0.0, 'b_iou_0.4': 0.13231120188864426, 'p_iou_0.4': 0.0, 'b_iou_0.5': 0.10883410980715928, 'p_iou_0.5': 0.0, 'b_iou_0.6': 0.07787762088147197, 'p_iou_0.6': 0.0}",10.582748413085938
ResectionScar,14,44c803e8.png,False,14,ResectionScar,0.9980801343917847,True,14,ResectionScar,0.9999985694885254,True,True,0.17388569866010392,0.0,-0.17388569866010392,"{'b_iou_0.3': 0.1552414432889019, 'p_iou_0.3': 0.0, 'b_iou_0.4': 0.16298023938283313, 'p_iou_0.4': 0.0, 'b_iou_0.5': 0.17388569866010392, 'p_iou_0.5': 0.0, 'b_iou_0.6': 0.21443987320428948, 'p_iou_0.6': 0.0}",12.673389434814453
ResectionScar,14,e465e94b.png,False,14,ResectionScar,0.998713493347168,True,14,ResectionScar,0.9999990463256836,True,True,0.11759129914188785,0.0,-0.11759129914188785,"{'b_iou_0.3': 0.10815895741556535, 'p_iou_0.3': 0.0, 'b_iou_0.4': 0.1121233023333254, 'p_iou_0.4': 0.0, 'b_iou_0.5': 0.11759129914188785, 'p_iou_0.5': 0.0, 'b_iou_0.6': 0.10120993656914522, 'p_iou_0.6': 0.0}",9.394929885864258
ResectionScar,14,e6feac10.png,False,14,ResectionScar,0.9981456995010376,True,14,ResectionScar,0.999997615814209,True,True,0.145291325976328,0.0,-0.145291325976328,"{'b_iou_0.3': 0.12108102968790854, 'p_iou_0.3': 0.0, 'b_iou_0.4': 0.12837378090269902, 'p_iou_0.4': 0.0, 'b_iou_0.5': 0.145291325976328, 'p_iou_0.5': 0.0, 'b_iou_0.6': 0.1655128591017023, 'p_iou_0.6': 0.0}",10.152263641357422
ResectionScar,14,cef5cfe7.png,False,14,ResectionScar,0.996572732925415,True,14,ResectionScar,0.9999996423721313,True,True,0.07641824249165739,0.0,-0.07641824249165739,"{'b_iou_0.3': 0.13834871842931445, 'p_iou_0.3': 0.0, 'b_iou_0.4': 0.11491986450275544, 'p_iou_0.4': 0.0, 'b_iou_0.5': 0.07641824249165739, 'p_iou_0.5': 0.0, 'b_iou_0.6': 0.024975288303130148, 'p_iou_0.6': 0.0}",13.163663864135742
ResectionScar,14,56be9248.png,False,14,ResectionScar,0.9986594915390015,True,14,ResectionScar,0.9999995231628418,True,True,0.045206326309824324,0.0,-0.045206326309824324,"{'b_iou_0.3': 0.10871561639043163, 'p_iou_0.3': 0.0, 'b_iou_0.4': 0.08092006900517539, 'p_iou_0.4': 0.0, 'b_iou_0.5': 0.045206326309824324, 'p_iou_0.5': 0.0, 'b_iou_0.6': 0.019831365935919054, 'p_iou_0.6': 0.0}",12.242904663085938
ResectionScar,14,b9c54522.png,False,14,ResectionScar,0.9990901947021484,True,14,ResectionScar,0.9999998807907104,True,True,0.04473527969229975,0.0,-0.04473527969229975,"{'b_iou_0.3': 0.08110364219498264, 'p_iou_0.3': 0.0, 'b_iou_0.4': 0.0644010908328089, 'p_iou_0.4': 0.0, 'b_iou_0.5': 0.04473527969229975, 'p_iou_0.5': 0.0, 'b_iou_0.6': 0.02945783953139899, 'p_iou_0.6': 0.0}",11.280293464660645
ResectionScar,14,c608e745.png,False,14,ResectionScar,0.9992371797561646,True,14,ResectionScar,1.0,True,True,0.0,0.0,0.0,"{'b_iou_0.3': 3.3122453711370936e-05, 'p_iou_0.3': 0.0, 'b_iou_0.4': 0.0, 'p_iou_0.4': 0.0, 'b_iou_0.5': 0.0, 'p_iou_0.5': 0.0, 'b_iou_0.6': 0.0, 'p_iou_0.6': 0.0}",11.778539657592773
ResectionScar,14,e291ac6e.png,False,14,ResectionScar,0.998590886592865,True,14,ResectionScar,0.9999998807907104,True,True,0.0,0.0,0.0,"{'b_iou_0.3': 0.017765661044369215, 'p_iou_0.3': 0.0, 'b_iou_0.4': 0.008176259903766145, 'p_iou_0.4': 0.0, 'b_iou_0.5': 0.0, 'p_iou_0.5': 0.0, 'b_iou_0.6': 0.0, 'p_iou_0.6': 0.0}",14.574697494506836
ResectionScar,14,c373b336.png,False,14,ResectionScar,0.998342752456665,True,14,ResectionScar,0.9999997615814209,True,True,0.03317328677433435,0.0005184417123389127,-0.03265484506199544,"{'b_iou_0.3': 0.03689456198636125, 'p_iou_0.3': 0.00664307443968461, 'b_iou_0.4': 0.037506861011160575, 'p_iou_0.4': 0.0033047788842022873, 'b_iou_0.5': 0.03317328677433435, 'p_iou_0.5': 0.0005184417123389127, 'b_iou_0.6': 0.014953271028037384, 'p_iou_0.6': 0.0}",9.885204315185547
